image,stype,true_n,variant,total_area_px,framing,rep,guess,latency_s,error
dot_tA_n01_v0_s71.png,A,1,0,380.1,objects,0,1,1.12,
dot_tA_n01_v0_s71.png,A,1,0,380.1,objects,1,1,1.15,
dot_tA_n01_v0_s71.png,A,1,0,380.1,objects,2,1,1.1,
dot_tA_n01_v0_s71.png,A,1,0,380.1,objects,3,1,1.38,
dot_tA_n01_v0_s71.png,A,1,0,380.1,objects,4,1,1.06,
dot_tA_n01_v1_s71.png,A,1,1,452.4,objects,0,1,1.38,
dot_tA_n01_v1_s71.png,A,1,1,452.4,objects,1,1,1.02,
dot_tA_n01_v1_s71.png,A,1,1,452.4,objects,2,1,0.91,
dot_tA_n01_v1_s71.png,A,1,1,452.4,objects,3,1,1.09,
dot_tA_n01_v1_s71.png,A,1,1,452.4,objects,4,1,0.95,
dot_tA_n01_v2_s71.png,A,1,2,2463.0,objects,0,1,1.45,
dot_tA_n01_v2_s71.png,A,1,2,2463.0,objects,1,1,1.28,
dot_tA_n01_v2_s71.png,A,1,2,2463.0,objects,2,1,1.01,
dot_tA_n01_v2_s71.png,A,1,2,2463.0,objects,3,1,0.97,
dot_tA_n01_v2_s71.png,A,1,2,2463.0,objects,4,1,1.1,
dot_tA_n01_v3_s71.png,A,1,3,2827.4,objects,0,1,1.24,
dot_tA_n01_v3_s71.png,A,1,3,2827.4,objects,1,1,0.95,
dot_tA_n01_v3_s71.png,A,1,3,2827.4,objects,2,1,0.73,
dot_tA_n01_v3_s71.png,A,1,3,2827.4,objects,3,1,1.26,
dot_tA_n01_v3_s71.png,A,1,3,2827.4,objects,4,1,1.35,
dot_tA_n01_v4_s71.png,A,1,4,1256.6,objects,0,1,0.88,
dot_tA_n01_v4_s71.png,A,1,4,1256.6,objects,1,1,1.02,
dot_tA_n01_v4_s71.png,A,1,4,1256.6,objects,2,1,0.93,
dot_tA_n01_v4_s71.png,A,1,4,1256.6,objects,3,1,0.87,
dot_tA_n01_v4_s71.png,A,1,4,1256.6,objects,4,1,0.84,
dot_tA_n01_v5_s71.png,A,1,5,3631.7,objects,0,1,1.64,
dot_tA_n01_v5_s71.png,A,1,5,3631.7,objects,1,1,0.88,
dot_tA_n01_v5_s71.png,A,1,5,3631.7,objects,2,1,1.26,
dot_tA_n01_v5_s71.png,A,1,5,3631.7,objects,3,1,0.83,
dot_tA_n01_v5_s71.png,A,1,5,3631.7,objects,4,1,0.86,
dot_tA_n01_v6_s71.png,A,1,6,2290.2,objects,0,1,1.36,
dot_tA_n01_v6_s71.png,A,1,6,2290.2,objects,1,1,1.19,
dot_tA_n01_v6_s71.png,A,1,6,2290.2,objects,2,1,1.05,
dot_tA_n01_v6_s71.png,A,1,6,2290.2,objects,3,1,0.99,
dot_tA_n01_v6_s71.png,A,1,6,2290.2,objects,4,1,1.16,
dot_tA_n01_v7_s71.png,A,1,7,201.1,objects,0,1,0.82,
dot_tA_n01_v7_s71.png,A,1,7,201.1,objects,1,1,0.86,
dot_tA_n01_v7_s71.png,A,1,7,201.1,objects,2,1,0.83,
dot_tA_n01_v7_s71.png,A,1,7,201.1,objects,3,1,0.95,
dot_tA_n01_v7_s71.png,A,1,7,201.1,objects,4,1,1.06,
dot_tA_n01_v8_s71.png,A,1,8,2827.4,objects,0,1,0.99,
dot_tA_n01_v8_s71.png,A,1,8,2827.4,objects,1,1,1.01,
dot_tA_n01_v8_s71.png,A,1,8,2827.4,objects,2,1,1.15,
dot_tA_n01_v8_s71.png,A,1,8,2827.4,objects,3,1,1.11,
dot_tA_n01_v8_s71.png,A,1,8,2827.4,objects,4,1,1.32,
dot_tA_n01_v9_s71.png,A,1,9,1134.1,objects,0,1,1.0,
dot_tA_n01_v9_s71.png,A,1,9,1134.1,objects,1,1,0.83,
dot_tA_n01_v9_s71.png,A,1,9,1134.1,objects,2,1,0.85,
dot_tA_n01_v9_s71.png,A,1,9,1134.1,objects,3,1,1.34,
dot_tA_n01_v9_s71.png,A,1,9,1134.1,objects,4,1,0.87,
dot_tA_n02_v0_s71.png,A,2,0,2579.2,objects,0,2,1.03,
dot_tA_n02_v0_s71.png,A,2,0,2579.2,objects,1,2,1.44,
dot_tA_n02_v0_s71.png,A,2,0,2579.2,objects,2,2,1.43,
dot_tA_n02_v0_s71.png,A,2,0,2579.2,objects,3,2,1.08,
dot_tA_n02_v0_s71.png,A,2,0,2579.2,objects,4,2,0.87,
dot_tA_n02_v1_s71.png,A,2,1,1118.4,objects,0,2,0.93,
dot_tA_n02_v1_s71.png,A,2,1,1118.4,objects,1,2,1.32,
dot_tA_n02_v1_s71.png,A,2,1,1118.4,objects,2,2,1.53,
dot_tA_n02_v1_s71.png,A,2,1,1118.4,objects,3,2,1.22,
dot_tA_n02_v1_s71.png,A,2,1,1118.4,objects,4,2,0.9,
dot_tA_n02_v2_s71.png,A,2,2,2777.2,objects,0,2,0.95,
dot_tA_n02_v2_s71.png,A,2,2,2777.2,objects,1,2,0.76,
dot_tA_n02_v2_s71.png,A,2,2,2777.2,objects,2,2,0.89,
dot_tA_n02_v2_s71.png,A,2,2,2777.2,objects,3,2,1.35,
dot_tA_n02_v2_s71.png,A,2,2,2777.2,objects,4,2,0.97,
dot_tA_n02_v3_s71.png,A,2,3,3845.3,objects,0,2,1.0,
dot_tA_n02_v3_s71.png,A,2,3,3845.3,objects,1,2,0.94,
dot_tA_n02_v3_s71.png,A,2,3,3845.3,objects,2,2,1.23,
dot_tA_n02_v3_s71.png,A,2,3,3845.3,objects,3,2,0.95,
dot_tA_n02_v3_s71.png,A,2,3,3845.3,objects,4,2,0.95,
dot_tA_n02_v4_s71.png,A,2,4,6638.2,objects,0,2,1.08,
dot_tA_n02_v4_s71.png,A,2,4,6638.2,objects,1,2,1.05,
dot_tA_n02_v4_s71.png,A,2,4,6638.2,objects,2,2,0.99,
dot_tA_n02_v4_s71.png,A,2,4,6638.2,objects,3,2,0.72,
dot_tA_n02_v4_s71.png,A,2,4,6638.2,objects,4,2,0.84,
dot_tA_n02_v5_s71.png,A,2,5,4027.5,objects,0,2,0.97,
dot_tA_n02_v5_s71.png,A,2,5,4027.5,objects,1,2,1.14,
dot_tA_n02_v5_s71.png,A,2,5,4027.5,objects,2,2,1.02,
dot_tA_n02_v5_s71.png,A,2,5,4027.5,objects,3,2,1.46,
dot_tA_n02_v5_s71.png,A,2,5,4027.5,objects,4,2,0.85,
dot_tA_n02_v6_s71.png,A,2,6,4737.5,objects,0,2,1.01,
dot_tA_n02_v6_s71.png,A,2,6,4737.5,objects,1,2,0.96,
dot_tA_n02_v6_s71.png,A,2,6,4737.5,objects,2,2,0.91,
dot_tA_n02_v6_s71.png,A,2,6,4737.5,objects,3,2,1.01,
dot_tA_n02_v6_s71.png,A,2,6,4737.5,objects,4,2,1.18,
dot_tA_n02_v7_s71.png,A,2,7,1237.8,objects,0,2,0.97,
dot_tA_n02_v7_s71.png,A,2,7,1237.8,objects,1,2,1.0,
dot_tA_n02_v7_s71.png,A,2,7,1237.8,objects,2,2,0.94,
dot_tA_n02_v7_s71.png,A,2,7,1237.8,objects,3,2,0.86,
dot_tA_n02_v7_s71.png,A,2,7,1237.8,objects,4,2,1.01,
dot_tA_n02_v8_s71.png,A,2,8,1184.4,objects,0,2,0.98,
dot_tA_n02_v8_s71.png,A,2,8,1184.4,objects,1,2,1.05,
dot_tA_n02_v8_s71.png,A,2,8,1184.4,objects,2,2,1.34,
dot_tA_n02_v8_s71.png,A,2,8,1184.4,objects,3,2,0.93,
dot_tA_n02_v8_s71.png,A,2,8,1184.4,objects,4,2,1.21,
dot_tA_n02_v9_s71.png,A,2,9,4439.1,objects,0,2,0.76,
dot_tA_n02_v9_s71.png,A,2,9,4439.1,objects,1,2,0.72,
dot_tA_n02_v9_s71.png,A,2,9,4439.1,objects,2,2,1.17,
dot_tA_n02_v9_s71.png,A,2,9,4439.1,objects,3,2,0.89,
dot_tA_n02_v9_s71.png,A,2,9,4439.1,objects,4,2,1.3,
dot_tA_n03_v0_s71.png,A,3,0,5661.1,objects,0,4,1.38,
dot_tA_n03_v0_s71.png,A,3,0,5661.1,objects,1,3,1.34,
dot_tA_n03_v0_s71.png,A,3,0,5661.1,objects,2,4,0.91,
dot_tA_n03_v0_s71.png,A,3,0,5661.1,objects,3,4,0.9,
dot_tA_n03_v0_s71.png,A,3,0,5661.1,objects,4,4,1.05,
dot_tA_n03_v1_s71.png,A,3,1,2255.7,objects,0,4,1.03,
dot_tA_n03_v1_s71.png,A,3,1,2255.7,objects,1,3,1.57,
dot_tA_n03_v1_s71.png,A,3,1,2255.7,objects,2,3,0.79,
dot_tA_n03_v1_s71.png,A,3,1,2255.7,objects,3,3,0.95,
dot_tA_n03_v1_s71.png,A,3,1,2255.7,objects,4,3,1.25,
dot_tA_n03_v2_s71.png,A,3,2,2626.4,objects,0,3,1.03,
dot_tA_n03_v2_s71.png,A,3,2,2626.4,objects,1,3,0.82,
dot_tA_n03_v2_s71.png,A,3,2,2626.4,objects,2,3,0.96,
dot_tA_n03_v2_s71.png,A,3,2,2626.4,objects,3,3,0.98,
dot_tA_n03_v2_s71.png,A,3,2,2626.4,objects,4,3,1.09,
dot_tA_n03_v3_s71.png,A,3,3,7166.0,objects,0,4,0.99,
dot_tA_n03_v3_s71.png,A,3,3,7166.0,objects,1,3,0.92,
dot_tA_n03_v3_s71.png,A,3,3,7166.0,objects,2,3,0.72,
dot_tA_n03_v3_s71.png,A,3,3,7166.0,objects,3,4,1.14,
dot_tA_n03_v3_s71.png,A,3,3,7166.0,objects,4,3,0.85,
dot_tA_n03_v4_s71.png,A,3,4,2667.2,objects,0,4,0.81,
dot_tA_n03_v4_s71.png,A,3,4,2667.2,objects,1,4,0.84,
dot_tA_n03_v4_s71.png,A,3,4,2667.2,objects,2,3,0.85,
dot_tA_n03_v4_s71.png,A,3,4,2667.2,objects,3,4,0.79,
dot_tA_n03_v4_s71.png,A,3,4,2667.2,objects,4,4,1.0,
dot_tA_n03_v5_s71.png,A,3,5,7367.0,objects,0,4,0.89,
dot_tA_n03_v5_s71.png,A,3,5,7367.0,objects,1,4,0.86,
dot_tA_n03_v5_s71.png,A,3,5,7367.0,objects,2,4,0.93,
dot_tA_n03_v5_s71.png,A,3,5,7367.0,objects,3,4,0.69,
dot_tA_n03_v5_s71.png,A,3,5,7367.0,objects,4,4,0.67,
dot_tA_n03_v6_s71.png,A,3,6,2682.9,objects,0,3,0.79,
dot_tA_n03_v6_s71.png,A,3,6,2682.9,objects,1,3,4.34,
dot_tA_n03_v6_s71.png,A,3,6,2682.9,objects,2,3,1.45,
dot_tA_n03_v6_s71.png,A,3,6,2682.9,objects,3,3,0.88,
dot_tA_n03_v6_s71.png,A,3,6,2682.9,objects,4,3,0.97,
dot_tA_n03_v7_s71.png,A,3,7,5698.8,objects,0,3,0.97,
dot_tA_n03_v7_s71.png,A,3,7,5698.8,objects,1,4,0.89,
dot_tA_n03_v7_s71.png,A,3,7,5698.8,objects,2,4,1.0,
dot_tA_n03_v7_s71.png,A,3,7,5698.8,objects,3,4,1.06,
dot_tA_n03_v7_s71.png,A,3,7,5698.8,objects,4,4,0.95,
dot_tA_n03_v8_s71.png,A,3,8,5746.0,objects,0,,1.02,
dot_tA_n03_v8_s71.png,A,3,8,5746.0,objects,1,4,1.21,
dot_tA_n03_v8_s71.png,A,3,8,5746.0,objects,2,4,1.5,
dot_tA_n03_v8_s71.png,A,3,8,5746.0,objects,3,4,0.98,
dot_tA_n03_v8_s71.png,A,3,8,5746.0,objects,4,4,0.79,
dot_tA_n03_v9_s71.png,A,3,9,4297.7,objects,0,3,0.94,
dot_tA_n03_v9_s71.png,A,3,9,4297.7,objects,1,3,0.92,
dot_tA_n03_v9_s71.png,A,3,9,4297.7,objects,2,3,1.45,
dot_tA_n03_v9_s71.png,A,3,9,4297.7,objects,3,3,0.97,
dot_tA_n03_v9_s71.png,A,3,9,4297.7,objects,4,3,1.0,
dot_tA_n04_v0_s71.png,A,4,0,4316.5,objects,0,5,1.09,
dot_tA_n04_v0_s71.png,A,4,0,4316.5,objects,1,5,1.21,
dot_tA_n04_v0_s71.png,A,4,0,4316.5,objects,2,5,1.01,
dot_tA_n04_v0_s71.png,A,4,0,4316.5,objects,3,4,0.63,
dot_tA_n04_v0_s71.png,A,4,0,4316.5,objects,4,5,1.07,
dot_tA_n04_v1_s71.png,A,4,1,6160.7,objects,0,5,0.77,
dot_tA_n04_v1_s71.png,A,4,1,6160.7,objects,1,5,1.22,
dot_tA_n04_v1_s71.png,A,4,1,6160.7,objects,2,5,1.12,
dot_tA_n04_v1_s71.png,A,4,1,6160.7,objects,3,5,1.09,
dot_tA_n04_v1_s71.png,A,4,1,6160.7,objects,4,5,1.14,
dot_tA_n04_v2_s71.png,A,4,2,8278.1,objects,0,5,0.82,
dot_tA_n04_v2_s71.png,A,4,2,8278.1,objects,1,5,1.06,
dot_tA_n04_v2_s71.png,A,4,2,8278.1,objects,2,5,0.96,
dot_tA_n04_v2_s71.png,A,4,2,8278.1,objects,3,5,0.91,
dot_tA_n04_v2_s71.png,A,4,2,8278.1,objects,4,5,0.93,
dot_tA_n04_v3_s71.png,A,4,3,3157.3,objects,0,4,1.09,
dot_tA_n04_v3_s71.png,A,4,3,3157.3,objects,1,4,1.12,
dot_tA_n04_v3_s71.png,A,4,3,3157.3,objects,2,4,1.04,
dot_tA_n04_v3_s71.png,A,4,3,3157.3,objects,3,5,0.91,
dot_tA_n04_v3_s71.png,A,4,3,3157.3,objects,4,4,0.88,
dot_tA_n04_v4_s71.png,A,4,4,5859.1,objects,0,4,0.85,
dot_tA_n04_v4_s71.png,A,4,4,5859.1,objects,1,4,1.09,
dot_tA_n04_v4_s71.png,A,4,4,5859.1,objects,2,4,1.07,
dot_tA_n04_v4_s71.png,A,4,4,5859.1,objects,3,4,1.05,
dot_tA_n04_v4_s71.png,A,4,4,5859.1,objects,4,4,0.95,
dot_tA_n04_v5_s71.png,A,4,5,6870.7,objects,0,4,1.18,
dot_tA_n04_v5_s71.png,A,4,5,6870.7,objects,1,4,0.94,
dot_tA_n04_v5_s71.png,A,4,5,6870.7,objects,2,4,0.9,
dot_tA_n04_v5_s71.png,A,4,5,6870.7,objects,3,4,0.85,
dot_tA_n04_v5_s71.png,A,4,5,6870.7,objects,4,4,0.99,
dot_tA_n04_v6_s71.png,A,4,6,6613.1,objects,0,5,1.07,
dot_tA_n04_v6_s71.png,A,4,6,6613.1,objects,1,5,1.06,
dot_tA_n04_v6_s71.png,A,4,6,6613.1,objects,2,5,0.88,
dot_tA_n04_v6_s71.png,A,4,6,6613.1,objects,3,5,1.73,
dot_tA_n04_v6_s71.png,A,4,6,6613.1,objects,4,5,0.94,
dot_tA_n04_v7_s71.png,A,4,7,10197.6,objects,0,5,0.91,
dot_tA_n04_v7_s71.png,A,4,7,10197.6,objects,1,5,1.25,
dot_tA_n04_v7_s71.png,A,4,7,10197.6,objects,2,5,0.94,
dot_tA_n04_v7_s71.png,A,4,7,10197.6,objects,3,5,0.98,
dot_tA_n04_v7_s71.png,A,4,7,10197.6,objects,4,5,0.84,
dot_tA_n04_v8_s71.png,A,4,8,6939.8,objects,0,5,0.77,
dot_tA_n04_v8_s71.png,A,4,8,6939.8,objects,1,5,0.8,
dot_tA_n04_v8_s71.png,A,4,8,6939.8,objects,2,5,0.86,
dot_tA_n04_v8_s71.png,A,4,8,6939.8,objects,3,5,0.87,
dot_tA_n04_v8_s71.png,A,4,8,6939.8,objects,4,5,1.1,
dot_tA_n04_v9_s71.png,A,4,9,6914.6,objects,0,5,0.88,
dot_tA_n04_v9_s71.png,A,4,9,6914.6,objects,1,5,1.03,
dot_tA_n04_v9_s71.png,A,4,9,6914.6,objects,2,5,0.88,
dot_tA_n04_v9_s71.png,A,4,9,6914.6,objects,3,5,0.97,
dot_tA_n04_v9_s71.png,A,4,9,6914.6,objects,4,5,0.89,
dot_tA_n05_v0_s71.png,A,5,0,5912.5,objects,0,6,1.09,
dot_tA_n05_v0_s71.png,A,5,0,5912.5,objects,1,6,0.68,
dot_tA_n05_v0_s71.png,A,5,0,5912.5,objects,2,6,0.91,
dot_tA_n05_v0_s71.png,A,5,0,5912.5,objects,3,6,1.33,
dot_tA_n05_v0_s71.png,A,5,0,5912.5,objects,4,6,0.91,
dot_tA_n05_v1_s71.png,A,5,1,9377.7,objects,0,6,0.8,
dot_tA_n05_v1_s71.png,A,5,1,9377.7,objects,1,6,1.85,
dot_tA_n05_v1_s71.png,A,5,1,9377.7,objects,2,6,0.94,
dot_tA_n05_v1_s71.png,A,5,1,9377.7,objects,3,6,1.09,
dot_tA_n05_v1_s71.png,A,5,1,9377.7,objects,4,6,1.35,
dot_tA_n05_v2_s71.png,A,5,2,7797.4,objects,0,6,1.32,
dot_tA_n05_v2_s71.png,A,5,2,7797.4,objects,1,6,1.07,
dot_tA_n05_v2_s71.png,A,5,2,7797.4,objects,2,7,0.98,
dot_tA_n05_v2_s71.png,A,5,2,7797.4,objects,3,7,1.07,
dot_tA_n05_v2_s71.png,A,5,2,7797.4,objects,4,6,1.21,
dot_tA_n05_v3_s71.png,A,5,3,10059.4,objects,0,6,0.98,
dot_tA_n05_v3_s71.png,A,5,3,10059.4,objects,1,5,0.78,
dot_tA_n05_v3_s71.png,A,5,3,10059.4,objects,2,6,0.97,
dot_tA_n05_v3_s71.png,A,5,3,10059.4,objects,3,6,0.83,
dot_tA_n05_v3_s71.png,A,5,3,10059.4,objects,4,6,1.02,
dot_tA_n05_v4_s71.png,A,5,4,7222.5,objects,0,6,1.08,
dot_tA_n05_v4_s71.png,A,5,4,7222.5,objects,1,6,0.92,
dot_tA_n05_v4_s71.png,A,5,4,7222.5,objects,2,7,0.94,
dot_tA_n05_v4_s71.png,A,5,4,7222.5,objects,3,7,1.14,
dot_tA_n05_v4_s71.png,A,5,4,7222.5,objects,4,6,0.83,
dot_tA_n05_v5_s71.png,A,5,5,8516.9,objects,0,5,0.92,
dot_tA_n05_v5_s71.png,A,5,5,8516.9,objects,1,6,0.86,
dot_tA_n05_v5_s71.png,A,5,5,8516.9,objects,2,5,0.97,
dot_tA_n05_v5_s71.png,A,5,5,8516.9,objects,3,6,0.99,
dot_tA_n05_v5_s71.png,A,5,5,8516.9,objects,4,5,0.97,
dot_tA_n05_v6_s71.png,A,5,6,10470.9,objects,0,5,0.91,
dot_tA_n05_v6_s71.png,A,5,6,10470.9,objects,1,6,0.88,
dot_tA_n05_v6_s71.png,A,5,6,10470.9,objects,2,5,1.17,
dot_tA_n05_v6_s71.png,A,5,6,10470.9,objects,3,5,0.99,
dot_tA_n05_v6_s71.png,A,5,6,10470.9,objects,4,5,1.06,
dot_tA_n05_v7_s71.png,A,5,7,7169.1,objects,0,6,1.35,
dot_tA_n05_v7_s71.png,A,5,7,7169.1,objects,1,7,1.2,
dot_tA_n05_v7_s71.png,A,5,7,7169.1,objects,2,6,1.06,
dot_tA_n05_v7_s71.png,A,5,7,7169.1,objects,3,6,1.16,
dot_tA_n05_v7_s71.png,A,5,7,7169.1,objects,4,6,1.29,
dot_tA_n05_v8_s71.png,A,5,8,8149.3,objects,0,6,1.07,
dot_tA_n05_v8_s71.png,A,5,8,8149.3,objects,1,6,1.24,
dot_tA_n05_v8_s71.png,A,5,8,8149.3,objects,2,6,1.3,
dot_tA_n05_v8_s71.png,A,5,8,8149.3,objects,3,6,0.94,
dot_tA_n05_v8_s71.png,A,5,8,8149.3,objects,4,6,0.92,
dot_tA_n05_v9_s71.png,A,5,9,9217.4,objects,0,5,1.14,
dot_tA_n05_v9_s71.png,A,5,9,9217.4,objects,1,5,1.31,
dot_tA_n05_v9_s71.png,A,5,9,9217.4,objects,2,5,0.93,
dot_tA_n05_v9_s71.png,A,5,9,9217.4,objects,3,5,1.11,
dot_tA_n05_v9_s71.png,A,5,9,9217.4,objects,4,5,2.84,
dot_tA_n06_v0_s71.png,A,6,0,11457.4,objects,0,7,1.23,
dot_tA_n06_v0_s71.png,A,6,0,11457.4,objects,1,7,1.02,
dot_tA_n06_v0_s71.png,A,6,0,11457.4,objects,2,7,1.0,
dot_tA_n06_v0_s71.png,A,6,0,11457.4,objects,3,7,0.87,
dot_tA_n06_v0_s71.png,A,6,0,11457.4,objects,4,7,0.76,
dot_tA_n06_v1_s71.png,A,6,1,6820.4,objects,0,8,1.37,
dot_tA_n06_v1_s71.png,A,6,1,6820.4,objects,1,8,1.43,
dot_tA_n06_v1_s71.png,A,6,1,6820.4,objects,2,8,0.87,
dot_tA_n06_v1_s71.png,A,6,1,6820.4,objects,3,7,0.87,
dot_tA_n06_v1_s71.png,A,6,1,6820.4,objects,4,8,1.09,
dot_tA_n06_v2_s71.png,A,6,2,9333.7,objects,0,6,0.98,
dot_tA_n06_v2_s71.png,A,6,2,9333.7,objects,1,6,0.86,
dot_tA_n06_v2_s71.png,A,6,2,9333.7,objects,2,6,1.0,
dot_tA_n06_v2_s71.png,A,6,2,9333.7,objects,3,7,1.05,
dot_tA_n06_v2_s71.png,A,6,2,9333.7,objects,4,6,1.02,
dot_tA_n06_v3_s71.png,A,6,3,9773.5,objects,0,7,1.2,
dot_tA_n06_v3_s71.png,A,6,3,9773.5,objects,1,7,0.83,
dot_tA_n06_v3_s71.png,A,6,3,9773.5,objects,2,6,1.38,
dot_tA_n06_v3_s71.png,A,6,3,9773.5,objects,3,7,1.5,
dot_tA_n06_v3_s71.png,A,6,3,9773.5,objects,4,7,0.96,
dot_tA_n06_v4_s71.png,A,6,4,8523.1,objects,0,6,0.95,
dot_tA_n06_v4_s71.png,A,6,4,8523.1,objects,1,6,1.02,
dot_tA_n06_v4_s71.png,A,6,4,8523.1,objects,2,7,1.04,
dot_tA_n06_v4_s71.png,A,6,4,8523.1,objects,3,7,0.91,
dot_tA_n06_v4_s71.png,A,6,4,8523.1,objects,4,6,0.96,
dot_tA_n06_v5_s71.png,A,6,5,8513.7,objects,0,7,0.94,
dot_tA_n06_v5_s71.png,A,6,5,8513.7,objects,1,7,1.52,
dot_tA_n06_v5_s71.png,A,6,5,8513.7,objects,2,7,1.42,
dot_tA_n06_v5_s71.png,A,6,5,8513.7,objects,3,7,1.01,
dot_tA_n06_v5_s71.png,A,6,5,8513.7,objects,4,7,1.16,
dot_tA_n06_v6_s71.png,A,6,6,11746.4,objects,0,6,0.95,
dot_tA_n06_v6_s71.png,A,6,6,11746.4,objects,1,6,0.82,
dot_tA_n06_v6_s71.png,A,6,6,11746.4,objects,2,6,0.87,
dot_tA_n06_v6_s71.png,A,6,6,11746.4,objects,3,7,1.01,
dot_tA_n06_v6_s71.png,A,6,6,11746.4,objects,4,6,1.38,
dot_tA_n06_v7_s71.png,A,6,7,10571.5,objects,0,7,1.03,
dot_tA_n06_v7_s71.png,A,6,7,10571.5,objects,1,7,0.73,
dot_tA_n06_v7_s71.png,A,6,7,10571.5,objects,2,7,1.0,
dot_tA_n06_v7_s71.png,A,6,7,10571.5,objects,3,7,1.26,
dot_tA_n06_v7_s71.png,A,6,7,10571.5,objects,4,7,1.02,
dot_tA_n06_v8_s71.png,A,6,8,5548.1,objects,0,7,1.0,
dot_tA_n06_v8_s71.png,A,6,8,5548.1,objects,1,6,0.94,
dot_tA_n06_v8_s71.png,A,6,8,5548.1,objects,2,6,0.91,
dot_tA_n06_v8_s71.png,A,6,8,5548.1,objects,3,7,1.02,
dot_tA_n06_v8_s71.png,A,6,8,5548.1,objects,4,7,1.17,
dot_tA_n06_v9_s71.png,A,6,9,8108.5,objects,0,7,1.11,
dot_tA_n06_v9_s71.png,A,6,9,8108.5,objects,1,7,1.23,
dot_tA_n06_v9_s71.png,A,6,9,8108.5,objects,2,7,1.03,
dot_tA_n06_v9_s71.png,A,6,9,8108.5,objects,3,7,0.98,
dot_tA_n06_v9_s71.png,A,6,9,8108.5,objects,4,7,1.07,
dot_tA_n07_v0_s71.png,A,7,0,12720.3,objects,0,7,1.55,
dot_tA_n07_v0_s71.png,A,7,0,12720.3,objects,1,7,1.06,
dot_tA_n07_v0_s71.png,A,7,0,12720.3,objects,2,8,1.43,
dot_tA_n07_v0_s71.png,A,7,0,12720.3,objects,3,8,1.17,
dot_tA_n07_v0_s71.png,A,7,0,12720.3,objects,4,7,1.29,
dot_tA_n07_v1_s71.png,A,7,1,9528.5,objects,0,8,0.88,
dot_tA_n07_v1_s71.png,A,7,1,9528.5,objects,1,8,0.92,
dot_tA_n07_v1_s71.png,A,7,1,9528.5,objects,2,8,0.85,
dot_tA_n07_v1_s71.png,A,7,1,9528.5,objects,3,8,1.07,
dot_tA_n07_v1_s71.png,A,7,1,9528.5,objects,4,8,0.67,
dot_tA_n07_v2_s71.png,A,7,2,10191.3,objects,0,8,1.17,
dot_tA_n07_v2_s71.png,A,7,2,10191.3,objects,1,8,0.99,
dot_tA_n07_v2_s71.png,A,7,2,10191.3,objects,2,8,0.83,
dot_tA_n07_v2_s71.png,A,7,2,10191.3,objects,3,8,1.0,
dot_tA_n07_v2_s71.png,A,7,2,10191.3,objects,4,8,1.13,
dot_tA_n07_v3_s71.png,A,7,3,9157.7,objects,0,8,1.09,
dot_tA_n07_v3_s71.png,A,7,3,9157.7,objects,1,7,0.94,
dot_tA_n07_v3_s71.png,A,7,3,9157.7,objects,2,8,1.05,
dot_tA_n07_v3_s71.png,A,7,3,9157.7,objects,3,8,1.01,
dot_tA_n07_v3_s71.png,A,7,3,9157.7,objects,4,7,0.97,
dot_tA_n07_v4_s71.png,A,7,4,12393.6,objects,0,7,0.94,
dot_tA_n07_v4_s71.png,A,7,4,12393.6,objects,1,7,0.92,
dot_tA_n07_v4_s71.png,A,7,4,12393.6,objects,2,7,0.84,
dot_tA_n07_v4_s71.png,A,7,4,12393.6,objects,3,8,1.0,
dot_tA_n07_v4_s71.png,A,7,4,12393.6,objects,4,7,0.77,
dot_tA_n07_v5_s71.png,A,7,5,10697.1,objects,0,7,1.21,
dot_tA_n07_v5_s71.png,A,7,5,10697.1,objects,1,7,1.14,
dot_tA_n07_v5_s71.png,A,7,5,10697.1,objects,2,8,0.93,
dot_tA_n07_v5_s71.png,A,7,5,10697.1,objects,3,7,1.04,
dot_tA_n07_v5_s71.png,A,7,5,10697.1,objects,4,7,1.07,
dot_tA_n07_v6_s71.png,A,7,6,8739.9,objects,0,7,0.8,
dot_tA_n07_v6_s71.png,A,7,6,8739.9,objects,1,7,0.77,
dot_tA_n07_v6_s71.png,A,7,6,8739.9,objects,2,7,0.93,
dot_tA_n07_v6_s71.png,A,7,6,8739.9,objects,3,7,0.92,
dot_tA_n07_v6_s71.png,A,7,6,8739.9,objects,4,7,0.98,
dot_tA_n07_v7_s71.png,A,7,7,10467.8,objects,0,8,1.16,
dot_tA_n07_v7_s71.png,A,7,7,10467.8,objects,1,7,0.99,
dot_tA_n07_v7_s71.png,A,7,7,10467.8,objects,2,8,1.11,
dot_tA_n07_v7_s71.png,A,7,7,10467.8,objects,3,8,0.91,
dot_tA_n07_v7_s71.png,A,7,7,10467.8,objects,4,8,1.13,
dot_tA_n07_v8_s71.png,A,7,8,14391.6,objects,0,8,0.9,
dot_tA_n07_v8_s71.png,A,7,8,14391.6,objects,1,8,1.02,
dot_tA_n07_v8_s71.png,A,7,8,14391.6,objects,2,8,0.93,
dot_tA_n07_v8_s71.png,A,7,8,14391.6,objects,3,8,0.94,
dot_tA_n07_v8_s71.png,A,7,8,14391.6,objects,4,8,1.8,
dot_tA_n07_v9_s71.png,A,7,9,12688.9,objects,0,8,0.73,
dot_tA_n07_v9_s71.png,A,7,9,12688.9,objects,1,7,0.92,
dot_tA_n07_v9_s71.png,A,7,9,12688.9,objects,2,8,1.38,
dot_tA_n07_v9_s71.png,A,7,9,12688.9,objects,3,9,0.71,
dot_tA_n07_v9_s71.png,A,7,9,12688.9,objects,4,8,1.25,
dot_tA_n08_v0_s71.png,A,8,0,9233.1,objects,0,8,1.07,
dot_tA_n08_v0_s71.png,A,8,0,9233.1,objects,1,8,0.93,
dot_tA_n08_v0_s71.png,A,8,0,9233.1,objects,2,8,1.48,
dot_tA_n08_v0_s71.png,A,8,0,9233.1,objects,3,8,0.93,
dot_tA_n08_v0_s71.png,A,8,0,9233.1,objects,4,9,1.14,
dot_tA_n08_v1_s71.png,A,8,1,8677.1,objects,0,9,0.94,
dot_tA_n08_v1_s71.png,A,8,1,8677.1,objects,1,9,1.47,
dot_tA_n08_v1_s71.png,A,8,1,8677.1,objects,2,8,1.01,
dot_tA_n08_v1_s71.png,A,8,1,8677.1,objects,3,8,0.92,
dot_tA_n08_v1_s71.png,A,8,1,8677.1,objects,4,8,0.85,
dot_tA_n08_v2_s71.png,A,8,2,11360.0,objects,0,9,1.04,
dot_tA_n08_v2_s71.png,A,8,2,11360.0,objects,1,8,1.13,
dot_tA_n08_v2_s71.png,A,8,2,11360.0,objects,2,8,0.76,
dot_tA_n08_v2_s71.png,A,8,2,11360.0,objects,3,8,1.16,
dot_tA_n08_v2_s71.png,A,8,2,11360.0,objects,4,9,1.05,
dot_tA_n08_v3_s71.png,A,8,3,7828.8,objects,0,8,1.06,
dot_tA_n08_v3_s71.png,A,8,3,7828.8,objects,1,8,0.95,
dot_tA_n08_v3_s71.png,A,8,3,7828.8,objects,2,8,1.68,
dot_tA_n08_v3_s71.png,A,8,3,7828.8,objects,3,8,1.03,
dot_tA_n08_v3_s71.png,A,8,3,7828.8,objects,4,8,1.16,
dot_tA_n08_v4_s71.png,A,8,4,15576.0,objects,0,9,1.06,
dot_tA_n08_v4_s71.png,A,8,4,15576.0,objects,1,9,0.73,
dot_tA_n08_v4_s71.png,A,8,4,15576.0,objects,2,9,1.04,
dot_tA_n08_v4_s71.png,A,8,4,15576.0,objects,3,10,0.76,
dot_tA_n08_v4_s71.png,A,8,4,15576.0,objects,4,10,0.79,
dot_tA_n08_v5_s71.png,A,8,5,15758.2,objects,0,9,1.12,
dot_tA_n08_v5_s71.png,A,8,5,15758.2,objects,1,8,0.92,
dot_tA_n08_v5_s71.png,A,8,5,15758.2,objects,2,8,0.91,
dot_tA_n08_v5_s71.png,A,8,5,15758.2,objects,3,8,1.31,
dot_tA_n08_v5_s71.png,A,8,5,15758.2,objects,4,8,0.76,
dot_tA_n08_v6_s71.png,A,8,6,12044.9,objects,0,8,0.94,
dot_tA_n08_v6_s71.png,A,8,6,12044.9,objects,1,8,1.08,
dot_tA_n08_v6_s71.png,A,8,6,12044.9,objects,2,8,0.96,
dot_tA_n08_v6_s71.png,A,8,6,12044.9,objects,3,8,0.9,
dot_tA_n08_v6_s71.png,A,8,6,12044.9,objects,4,8,1.3,
dot_tA_n08_v7_s71.png,A,8,7,12673.2,objects,0,8,1.03,
dot_tA_n08_v7_s71.png,A,8,7,12673.2,objects,1,8,1.04,
dot_tA_n08_v7_s71.png,A,8,7,12673.2,objects,2,9,2.09,
dot_tA_n08_v7_s71.png,A,8,7,12673.2,objects,3,9,1.07,
dot_tA_n08_v7_s71.png,A,8,7,12673.2,objects,4,8,1.22,
dot_tA_n08_v8_s71.png,A,8,8,15167.6,objects,0,8,1.22,
dot_tA_n08_v8_s71.png,A,8,8,15167.6,objects,1,8,0.99,
dot_tA_n08_v8_s71.png,A,8,8,15167.6,objects,2,9,0.98,
dot_tA_n08_v8_s71.png,A,8,8,15167.6,objects,3,8,0.87,
dot_tA_n08_v8_s71.png,A,8,8,15167.6,objects,4,8,1.63,
dot_tA_n08_v9_s71.png,A,8,9,11482.5,objects,0,8,0.8,
dot_tA_n08_v9_s71.png,A,8,9,11482.5,objects,1,8,0.91,
dot_tA_n08_v9_s71.png,A,8,9,11482.5,objects,2,8,1.04,
dot_tA_n08_v9_s71.png,A,8,9,11482.5,objects,3,8,0.86,
dot_tA_n08_v9_s71.png,A,8,9,11482.5,objects,4,8,0.66,
dot_tA_n09_v0_s71.png,A,9,0,15905.9,objects,0,9,0.94,
dot_tA_n09_v0_s71.png,A,9,0,15905.9,objects,1,9,0.78,
dot_tA_n09_v0_s71.png,A,9,0,15905.9,objects,2,9,0.86,
dot_tA_n09_v0_s71.png,A,9,0,15905.9,objects,3,9,0.85,
dot_tA_n09_v0_s71.png,A,9,0,15905.9,objects,4,9,1.03,
dot_tA_n09_v1_s71.png,A,9,1,19151.1,objects,0,9,1.06,
dot_tA_n09_v1_s71.png,A,9,1,19151.1,objects,1,9,1.24,
dot_tA_n09_v1_s71.png,A,9,1,19151.1,objects,2,9,1.05,
dot_tA_n09_v1_s71.png,A,9,1,19151.1,objects,3,9,1.1,
dot_tA_n09_v1_s71.png,A,9,1,19151.1,objects,4,9,1.12,
dot_tA_n09_v2_s71.png,A,9,2,11272.0,objects,0,9,1.05,
dot_tA_n09_v2_s71.png,A,9,2,11272.0,objects,1,9,1.46,
dot_tA_n09_v2_s71.png,A,9,2,11272.0,objects,2,9,1.15,
dot_tA_n09_v2_s71.png,A,9,2,11272.0,objects,3,8,1.38,
dot_tA_n09_v2_s71.png,A,9,2,11272.0,objects,4,9,0.93,
dot_tA_n09_v3_s71.png,A,9,3,9952.6,objects,0,10,1.06,
dot_tA_n09_v3_s71.png,A,9,3,9952.6,objects,1,8,1.11,
dot_tA_n09_v3_s71.png,A,9,3,9952.6,objects,2,9,1.25,
dot_tA_n09_v3_s71.png,A,9,3,9952.6,objects,3,9,0.9,
dot_tA_n09_v3_s71.png,A,9,3,9952.6,objects,4,9,1.23,
dot_tA_n09_v4_s71.png,A,9,4,15742.5,objects,0,9,0.91,
dot_tA_n09_v4_s71.png,A,9,4,15742.5,objects,1,10,0.98,
dot_tA_n09_v4_s71.png,A,9,4,15742.5,objects,2,10,0.92,
dot_tA_n09_v4_s71.png,A,9,4,15742.5,objects,3,10,1.11,
dot_tA_n09_v4_s71.png,A,9,4,15742.5,objects,4,9,1.06,
dot_tA_n09_v5_s71.png,A,9,5,13288.9,objects,0,10,1.2,
dot_tA_n09_v5_s71.png,A,9,5,13288.9,objects,1,11,0.79,
dot_tA_n09_v5_s71.png,A,9,5,13288.9,objects,2,10,1.05,
dot_tA_n09_v5_s71.png,A,9,5,13288.9,objects,3,10,1.03,
dot_tA_n09_v5_s71.png,A,9,5,13288.9,objects,4,2,1.03,
dot_tA_n09_v6_s71.png,A,9,6,10976.7,objects,0,9,1.3,
dot_tA_n09_v6_s71.png,A,9,6,10976.7,objects,1,8,0.76,
dot_tA_n09_v6_s71.png,A,9,6,10976.7,objects,2,8,0.97,
dot_tA_n09_v6_s71.png,A,9,6,10976.7,objects,3,8,0.87,
dot_tA_n09_v6_s71.png,A,9,6,10976.7,objects,4,9,1.32,
dot_tA_n09_v7_s71.png,A,9,7,14064.9,objects,0,10,1.33,
dot_tA_n09_v7_s71.png,A,9,7,14064.9,objects,1,9,1.05,
dot_tA_n09_v7_s71.png,A,9,7,14064.9,objects,2,9,0.67,
dot_tA_n09_v7_s71.png,A,9,7,14064.9,objects,3,9,0.94,
dot_tA_n09_v7_s71.png,A,9,7,14064.9,objects,4,9,0.85,
dot_tA_n09_v8_s71.png,A,9,8,10910.8,objects,0,8,1.15,
dot_tA_n09_v8_s71.png,A,9,8,10910.8,objects,1,9,1.05,
dot_tA_n09_v8_s71.png,A,9,8,10910.8,objects,2,9,1.28,
dot_tA_n09_v8_s71.png,A,9,8,10910.8,objects,3,9,1.1,
dot_tA_n09_v8_s71.png,A,9,8,10910.8,objects,4,9,1.2,
dot_tA_n09_v9_s71.png,A,9,9,13760.2,objects,0,9,1.58,
dot_tA_n09_v9_s71.png,A,9,9,13760.2,objects,1,9,2.23,
dot_tA_n09_v9_s71.png,A,9,9,13760.2,objects,2,10,1.14,
dot_tA_n09_v9_s71.png,A,9,9,13760.2,objects,3,8,1.32,
dot_tA_n09_v9_s71.png,A,9,9,13760.2,objects,4,9,0.86,
dot_tA_n10_v0_s71.png,A,10,0,12280.5,objects,0,11,1.63,
dot_tA_n10_v0_s71.png,A,10,0,12280.5,objects,1,10,1.4,
dot_tA_n10_v0_s71.png,A,10,0,12280.5,objects,2,10,1.38,
dot_tA_n10_v0_s71.png,A,10,0,12280.5,objects,3,10,1.21,
dot_tA_n10_v0_s71.png,A,10,0,12280.5,objects,4,11,1.35,
dot_tA_n10_v1_s71.png,A,10,1,14690.1,objects,0,10,1.04,
dot_tA_n10_v1_s71.png,A,10,1,14690.1,objects,1,10,0.91,
dot_tA_n10_v1_s71.png,A,10,1,14690.1,objects,2,11,1.12,
dot_tA_n10_v1_s71.png,A,10,1,14690.1,objects,3,11,1.17,
dot_tA_n10_v1_s71.png,A,10,1,14690.1,objects,4,10,1.26,
dot_tA_n10_v2_s71.png,A,10,2,12971.6,objects,0,12,1.02,
dot_tA_n10_v2_s71.png,A,10,2,12971.6,objects,1,13,1.08,
dot_tA_n10_v2_s71.png,A,10,2,12971.6,objects,2,11,1.12,
dot_tA_n10_v2_s71.png,A,10,2,12971.6,objects,3,10,1.74,
dot_tA_n10_v2_s71.png,A,10,2,12971.6,objects,4,11,1.05,
dot_tA_n10_v3_s71.png,A,10,3,17784.6,objects,0,11,1.08,
dot_tA_n10_v3_s71.png,A,10,3,17784.6,objects,1,10,0.93,
dot_tA_n10_v3_s71.png,A,10,3,17784.6,objects,2,11,0.86,
dot_tA_n10_v3_s71.png,A,10,3,17784.6,objects,3,10,0.81,
dot_tA_n10_v3_s71.png,A,10,3,17784.6,objects,4,11,0.96,
dot_tA_n10_v4_s71.png,A,10,4,17124.8,objects,0,9,1.57,
dot_tA_n10_v4_s71.png,A,10,4,17124.8,objects,1,10,1.07,
dot_tA_n10_v4_s71.png,A,10,4,17124.8,objects,2,10,1.2,
dot_tA_n10_v4_s71.png,A,10,4,17124.8,objects,3,10,1.41,
dot_tA_n10_v4_s71.png,A,10,4,17124.8,objects,4,9,0.91,
dot_tA_n10_v5_s71.png,A,10,5,15777.1,objects,0,10,0.94,
dot_tA_n10_v5_s71.png,A,10,5,15777.1,objects,1,11,0.98,
dot_tA_n10_v5_s71.png,A,10,5,15777.1,objects,2,10,0.81,
dot_tA_n10_v5_s71.png,A,10,5,15777.1,objects,3,10,1.02,
dot_tA_n10_v5_s71.png,A,10,5,15777.1,objects,4,10,1.15,
dot_tA_n10_v6_s71.png,A,10,6,15717.4,objects,0,10,1.01,
dot_tA_n10_v6_s71.png,A,10,6,15717.4,objects,1,9,0.96,
dot_tA_n10_v6_s71.png,A,10,6,15717.4,objects,2,9,0.98,
dot_tA_n10_v6_s71.png,A,10,6,15717.4,objects,3,9,0.73,
dot_tA_n10_v6_s71.png,A,10,6,15717.4,objects,4,9,0.93,
dot_tA_n10_v7_s71.png,A,10,7,10650.0,objects,0,10,0.97,
dot_tA_n10_v7_s71.png,A,10,7,10650.0,objects,1,10,1.21,
dot_tA_n10_v7_s71.png,A,10,7,10650.0,objects,2,10,1.19,
dot_tA_n10_v7_s71.png,A,10,7,10650.0,objects,3,10,1.44,
dot_tA_n10_v7_s71.png,A,10,7,10650.0,objects,4,10,1.19,
dot_tA_n10_v8_s71.png,A,10,8,13653.4,objects,0,10,0.91,
dot_tA_n10_v8_s71.png,A,10,8,13653.4,objects,1,10,1.15,
dot_tA_n10_v8_s71.png,A,10,8,13653.4,objects,2,10,1.32,
dot_tA_n10_v8_s71.png,A,10,8,13653.4,objects,3,10,1.0,
dot_tA_n10_v8_s71.png,A,10,8,13653.4,objects,4,10,1.0,
dot_tA_n10_v9_s71.png,A,10,9,15742.5,objects,0,11,1.23,
dot_tA_n10_v9_s71.png,A,10,9,15742.5,objects,1,10,1.15,
dot_tA_n10_v9_s71.png,A,10,9,15742.5,objects,2,10,0.94,
dot_tA_n10_v9_s71.png,A,10,9,15742.5,objects,3,11,1.95,
dot_tA_n10_v9_s71.png,A,10,9,15742.5,objects,4,11,1.09,
dot_tA_n12_v0_s71.png,A,12,0,16012.7,objects,0,11,1.03,
dot_tA_n12_v0_s71.png,A,12,0,16012.7,objects,1,13,1.21,
dot_tA_n12_v0_s71.png,A,12,0,16012.7,objects,2,13,1.04,
dot_tA_n12_v0_s71.png,A,12,0,16012.7,objects,3,13,0.94,
dot_tA_n12_v0_s71.png,A,12,0,16012.7,objects,4,13,0.95,
dot_tA_n12_v1_s71.png,A,12,1,17602.3,objects,0,13,1.18,
dot_tA_n12_v1_s71.png,A,12,1,17602.3,objects,1,11,1.4,
dot_tA_n12_v1_s71.png,A,12,1,17602.3,objects,2,12,0.75,
dot_tA_n12_v1_s71.png,A,12,1,17602.3,objects,3,11,1.05,
dot_tA_n12_v1_s71.png,A,12,1,17602.3,objects,4,12,0.91,
dot_tA_n12_v2_s71.png,A,12,2,20825.6,objects,0,12,1.41,
dot_tA_n12_v2_s71.png,A,12,2,20825.6,objects,1,13,1.22,
dot_tA_n12_v2_s71.png,A,12,2,20825.6,objects,2,12,0.95,
dot_tA_n12_v2_s71.png,A,12,2,20825.6,objects,3,12,1.3,
dot_tA_n12_v2_s71.png,A,12,2,20825.6,objects,4,12,0.8,
dot_tA_n12_v3_s71.png,A,12,3,23791.3,objects,0,11,1.13,
dot_tA_n12_v3_s71.png,A,12,3,23791.3,objects,1,11,0.91,
dot_tA_n12_v3_s71.png,A,12,3,23791.3,objects,2,11,0.92,
dot_tA_n12_v3_s71.png,A,12,3,23791.3,objects,3,11,0.91,
dot_tA_n12_v3_s71.png,A,12,3,23791.3,objects,4,12,0.8,
dot_tA_n12_v4_s71.png,A,12,4,19531.3,objects,0,12,1.1,
dot_tA_n12_v4_s71.png,A,12,4,19531.3,objects,1,12,1.26,
dot_tA_n12_v4_s71.png,A,12,4,19531.3,objects,2,12,1.37,
dot_tA_n12_v4_s71.png,A,12,4,19531.3,objects,3,12,0.95,
dot_tA_n12_v4_s71.png,A,12,4,19531.3,objects,4,12,0.85,
dot_tA_n12_v5_s71.png,A,12,5,23712.7,objects,0,12,0.94,
dot_tA_n12_v5_s71.png,A,12,5,23712.7,objects,1,12,1.59,
dot_tA_n12_v5_s71.png,A,12,5,23712.7,objects,2,12,0.95,
dot_tA_n12_v5_s71.png,A,12,5,23712.7,objects,3,12,0.69,
dot_tA_n12_v5_s71.png,A,12,5,23712.7,objects,4,11,0.88,
dot_tA_n12_v6_s71.png,A,12,6,28390.6,objects,0,10,1.58,
dot_tA_n12_v6_s71.png,A,12,6,28390.6,objects,1,11,1.3,
dot_tA_n12_v6_s71.png,A,12,6,28390.6,objects,2,11,0.92,
dot_tA_n12_v6_s71.png,A,12,6,28390.6,objects,3,11,0.77,
dot_tA_n12_v6_s71.png,A,12,6,28390.6,objects,4,11,1.21,
dot_tA_n12_v7_s71.png,A,12,7,18972.1,objects,0,11,0.98,
dot_tA_n12_v7_s71.png,A,12,7,18972.1,objects,1,10,1.16,
dot_tA_n12_v7_s71.png,A,12,7,18972.1,objects,2,11,0.95,
dot_tA_n12_v7_s71.png,A,12,7,18972.1,objects,3,11,1.05,
dot_tA_n12_v7_s71.png,A,12,7,18972.1,objects,4,12,1.17,
dot_tA_n12_v8_s71.png,A,12,8,18368.9,objects,0,11,1.17,
dot_tA_n12_v8_s71.png,A,12,8,18368.9,objects,1,11,0.7,
dot_tA_n12_v8_s71.png,A,12,8,18368.9,objects,2,11,0.94,
dot_tA_n12_v8_s71.png,A,12,8,18368.9,objects,3,12,0.83,
dot_tA_n12_v8_s71.png,A,12,8,18368.9,objects,4,10,1.11,
dot_tA_n12_v9_s71.png,A,12,9,19864.3,objects,0,12,0.9,
dot_tA_n12_v9_s71.png,A,12,9,19864.3,objects,1,13,1.31,
dot_tA_n12_v9_s71.png,A,12,9,19864.3,objects,2,12,1.52,
dot_tA_n12_v9_s71.png,A,12,9,19864.3,objects,3,11,0.93,
dot_tA_n12_v9_s71.png,A,12,9,19864.3,objects,4,12,1.49,
dot_tA_n15_v0_s71.png,A,15,0,19886.3,objects,0,14,0.93,
dot_tA_n15_v0_s71.png,A,15,0,19886.3,objects,1,15,1.36,
dot_tA_n15_v0_s71.png,A,15,0,19886.3,objects,2,14,1.03,
dot_tA_n15_v0_s71.png,A,15,0,19886.3,objects,3,13,0.89,
dot_tA_n15_v0_s71.png,A,15,0,19886.3,objects,4,14,1.04,
dot_tA_n15_v1_s71.png,A,15,1,20018.2,objects,0,12,1.44,
dot_tA_n15_v1_s71.png,A,15,1,20018.2,objects,1,14,1.23,
dot_tA_n15_v1_s71.png,A,15,1,20018.2,objects,2,12,1.0,
dot_tA_n15_v1_s71.png,A,15,1,20018.2,objects,3,12,1.11,
dot_tA_n15_v1_s71.png,A,15,1,20018.2,objects,4,12,1.09,
dot_tA_n15_v2_s71.png,A,15,2,28968.6,objects,0,13,1.71,
dot_tA_n15_v2_s71.png,A,15,2,28968.6,objects,1,13,1.2,
dot_tA_n15_v2_s71.png,A,15,2,28968.6,objects,2,13,0.84,
dot_tA_n15_v2_s71.png,A,15,2,28968.6,objects,3,13,0.86,
dot_tA_n15_v2_s71.png,A,15,2,28968.6,objects,4,14,0.9,
dot_tA_n15_v3_s71.png,A,15,3,25371.5,objects,0,15,0.95,
dot_tA_n15_v3_s71.png,A,15,3,25371.5,objects,1,14,0.89,
dot_tA_n15_v3_s71.png,A,15,3,25371.5,objects,2,14,0.98,
dot_tA_n15_v3_s71.png,A,15,3,25371.5,objects,3,14,1.25,
dot_tA_n15_v3_s71.png,A,15,3,25371.5,objects,4,15,0.7,
dot_tA_n15_v4_s71.png,A,15,4,22336.7,objects,0,14,1.03,
dot_tA_n15_v4_s71.png,A,15,4,22336.7,objects,1,13,0.65,
dot_tA_n15_v4_s71.png,A,15,4,22336.7,objects,2,13,0.85,
dot_tA_n15_v4_s71.png,A,15,4,22336.7,objects,3,15,0.79,
dot_tA_n15_v4_s71.png,A,15,4,22336.7,objects,4,13,0.9,
dot_tA_n15_v5_s71.png,A,15,5,25666.8,objects,0,14,0.9,
dot_tA_n15_v5_s71.png,A,15,5,25666.8,objects,1,13,0.8,
dot_tA_n15_v5_s71.png,A,15,5,25666.8,objects,2,15,0.6,
dot_tA_n15_v5_s71.png,A,15,5,25666.8,objects,3,12,1.04,
dot_tA_n15_v5_s71.png,A,15,5,25666.8,objects,4,12,0.87,
dot_tA_n15_v6_s71.png,A,15,6,16801.2,objects,0,13,0.91,
dot_tA_n15_v6_s71.png,A,15,6,16801.2,objects,1,13,0.84,
dot_tA_n15_v6_s71.png,A,15,6,16801.2,objects,2,12,1.88,
dot_tA_n15_v6_s71.png,A,15,6,16801.2,objects,3,13,0.89,
dot_tA_n15_v6_s71.png,A,15,6,16801.2,objects,4,14,0.8,
dot_tA_n15_v7_s71.png,A,15,7,24809.2,objects,0,13,1.16,
dot_tA_n15_v7_s71.png,A,15,7,24809.2,objects,1,13,1.08,
dot_tA_n15_v7_s71.png,A,15,7,24809.2,objects,2,14,1.05,
dot_tA_n15_v7_s71.png,A,15,7,24809.2,objects,3,13,1.12,
dot_tA_n15_v7_s71.png,A,15,7,24809.2,objects,4,13,1.08,
dot_tA_n15_v8_s71.png,A,15,8,22104.2,objects,0,15,0.87,
dot_tA_n15_v8_s71.png,A,15,8,22104.2,objects,1,15,0.84,
dot_tA_n15_v8_s71.png,A,15,8,22104.2,objects,2,14,1.09,
dot_tA_n15_v8_s71.png,A,15,8,22104.2,objects,3,13,0.67,
dot_tA_n15_v8_s71.png,A,15,8,22104.2,objects,4,14,1.18,
dot_tA_n15_v9_s71.png,A,15,9,21871.8,objects,0,13,0.9,
dot_tA_n15_v9_s71.png,A,15,9,21871.8,objects,1,13,0.92,
dot_tA_n15_v9_s71.png,A,15,9,21871.8,objects,2,13,0.91,
dot_tA_n15_v9_s71.png,A,15,9,21871.8,objects,3,13,0.8,
dot_tA_n15_v9_s71.png,A,15,9,21871.8,objects,4,12,1.06,
dot_tA_n20_v0_s71.png,A,20,0,22559.8,objects,0,18,1.12,
dot_tA_n20_v0_s71.png,A,20,0,22559.8,objects,1,19,1.31,
dot_tA_n20_v0_s71.png,A,20,0,22559.8,objects,2,19,1.28,
dot_tA_n20_v0_s71.png,A,20,0,22559.8,objects,3,21,0.85,
dot_tA_n20_v0_s71.png,A,20,0,22559.8,objects,4,20,1.08,
dot_tA_n20_v1_s71.png,A,20,1,20982.7,objects,0,19,1.31,
dot_tA_n20_v1_s71.png,A,20,1,20982.7,objects,1,14,1.05,
dot_tA_n20_v1_s71.png,A,20,1,20982.7,objects,2,16,0.97,
dot_tA_n20_v1_s71.png,A,20,1,20982.7,objects,3,17,1.12,
dot_tA_n20_v1_s71.png,A,20,1,20982.7,objects,4,18,1.07,
dot_tA_n20_v2_s71.png,A,20,2,21450.8,objects,0,22,1.15,
dot_tA_n20_v2_s71.png,A,20,2,21450.8,objects,1,18,0.79,
dot_tA_n20_v2_s71.png,A,20,2,21450.8,objects,2,18,0.86,
dot_tA_n20_v2_s71.png,A,20,2,21450.8,objects,3,19,0.91,
dot_tA_n20_v2_s71.png,A,20,2,21450.8,objects,4,19,1.06,
dot_tA_n20_v3_s71.png,A,20,3,19072.6,objects,0,15,0.93,
dot_tA_n20_v3_s71.png,A,20,3,19072.6,objects,1,23,0.89,
dot_tA_n20_v3_s71.png,A,20,3,19072.6,objects,2,18,0.89,
dot_tA_n20_v3_s71.png,A,20,3,19072.6,objects,3,19,0.79,
dot_tA_n20_v3_s71.png,A,20,3,19072.6,objects,4,19,0.94,
dot_tA_n20_v4_s71.png,A,20,4,23115.8,objects,0,19,1.1,
dot_tA_n20_v4_s71.png,A,20,4,23115.8,objects,1,16,0.91,
dot_tA_n20_v4_s71.png,A,20,4,23115.8,objects,2,19,0.8,
dot_tA_n20_v4_s71.png,A,20,4,23115.8,objects,3,18,1.16,
dot_tA_n20_v4_s71.png,A,20,4,23115.8,objects,4,17,0.96,
dot_tA_n20_v5_s71.png,A,20,5,22515.8,objects,0,18,1.11,
dot_tA_n20_v5_s71.png,A,20,5,22515.8,objects,1,18,1.18,
dot_tA_n20_v5_s71.png,A,20,5,22515.8,objects,2,19,1.06,
dot_tA_n20_v5_s71.png,A,20,5,22515.8,objects,3,23,1.24,
dot_tA_n20_v5_s71.png,A,20,5,22515.8,objects,4,17,0.93,
dot_tA_n20_v6_s71.png,A,20,6,30250.4,objects,0,17,0.93,
dot_tA_n20_v6_s71.png,A,20,6,30250.4,objects,1,19,1.33,
dot_tA_n20_v6_s71.png,A,20,6,30250.4,objects,2,19,1.11,
dot_tA_n20_v6_s71.png,A,20,6,30250.4,objects,3,17,0.86,
dot_tA_n20_v6_s71.png,A,20,6,30250.4,objects,4,19,0.87,
dot_tA_n20_v7_s71.png,A,20,7,23599.6,objects,0,19,1.08,
dot_tA_n20_v7_s71.png,A,20,7,23599.6,objects,1,18,0.86,
dot_tA_n20_v7_s71.png,A,20,7,23599.6,objects,2,18,0.89,
dot_tA_n20_v7_s71.png,A,20,7,23599.6,objects,3,19,0.84,
dot_tA_n20_v7_s71.png,A,20,7,23599.6,objects,4,17,0.93,
dot_tA_n20_v8_s71.png,A,20,8,25830.2,objects,0,19,0.96,
dot_tA_n20_v8_s71.png,A,20,8,25830.2,objects,1,21,1.09,
dot_tA_n20_v8_s71.png,A,20,8,25830.2,objects,2,17,1.07,
dot_tA_n20_v8_s71.png,A,20,8,25830.2,objects,3,17,0.83,
dot_tA_n20_v8_s71.png,A,20,8,25830.2,objects,4,17,1.15,
dot_tA_n20_v9_s71.png,A,20,9,20103.1,objects,0,19,0.95,
dot_tA_n20_v9_s71.png,A,20,9,20103.1,objects,1,19,1.0,
dot_tA_n20_v9_s71.png,A,20,9,20103.1,objects,2,19,1.42,
dot_tA_n20_v9_s71.png,A,20,9,20103.1,objects,3,19,0.84,
dot_tA_n20_v9_s71.png,A,20,9,20103.1,objects,4,17,0.94,
dot_tA_n25_v0_s71.png,A,25,0,23097.0,objects,0,27,0.98,
dot_tA_n25_v0_s71.png,A,25,0,23097.0,objects,1,22,0.97,
dot_tA_n25_v0_s71.png,A,25,0,23097.0,objects,2,30,1.19,
dot_tA_n25_v0_s71.png,A,25,0,23097.0,objects,3,23,0.67,
dot_tA_n25_v0_s71.png,A,25,0,23097.0,objects,4,29,1.22,
dot_tA_n25_v1_s71.png,A,25,1,22531.5,objects,0,26,0.77,
dot_tA_n25_v1_s71.png,A,25,1,22531.5,objects,1,26,1.33,
dot_tA_n25_v1_s71.png,A,25,1,22531.5,objects,2,19,0.94,
dot_tA_n25_v1_s71.png,A,25,1,22531.5,objects,3,23,1.03,
dot_tA_n25_v1_s71.png,A,25,1,22531.5,objects,4,25,1.03,
dot_tA_n25_v2_s71.png,A,25,2,23565.1,objects,0,29,0.94,
dot_tA_n25_v2_s71.png,A,25,2,23565.1,objects,1,24,1.01,
dot_tA_n25_v2_s71.png,A,25,2,23565.1,objects,2,24,1.17,
dot_tA_n25_v2_s71.png,A,25,2,23565.1,objects,3,21,0.91,
dot_tA_n25_v2_s71.png,A,25,2,23565.1,objects,4,27,0.77,
dot_tA_n25_v3_s71.png,A,25,3,24476.1,objects,0,25,1.4,
dot_tA_n25_v3_s71.png,A,25,3,24476.1,objects,1,24,0.98,
dot_tA_n25_v3_s71.png,A,25,3,24476.1,objects,2,26,1.33,
dot_tA_n25_v3_s71.png,A,25,3,24476.1,objects,3,25,0.91,
dot_tA_n25_v3_s71.png,A,25,3,24476.1,objects,4,27,1.56,
dot_tA_n25_v4_s71.png,A,25,4,26025.0,objects,0,25,1.17,
dot_tA_n25_v4_s71.png,A,25,4,26025.0,objects,1,27,1.35,
dot_tA_n25_v4_s71.png,A,25,4,26025.0,objects,2,24,1.23,
dot_tA_n25_v4_s71.png,A,25,4,26025.0,objects,3,22,0.98,
dot_tA_n25_v4_s71.png,A,25,4,26025.0,objects,4,24,0.91,
dot_tA_n25_v5_s71.png,A,25,5,21444.5,objects,0,23,1.06,
dot_tA_n25_v5_s71.png,A,25,5,21444.5,objects,1,23,1.13,
dot_tA_n25_v5_s71.png,A,25,5,21444.5,objects,2,23,1.55,
dot_tA_n25_v5_s71.png,A,25,5,21444.5,objects,3,22,1.13,
dot_tA_n25_v5_s71.png,A,25,5,21444.5,objects,4,23,0.87,
dot_tA_n25_v6_s71.png,A,25,6,21353.4,objects,0,25,0.97,
dot_tA_n25_v6_s71.png,A,25,6,21353.4,objects,1,28,0.89,
dot_tA_n25_v6_s71.png,A,25,6,21353.4,objects,2,22,1.2,
dot_tA_n25_v6_s71.png,A,25,6,21353.4,objects,3,22,0.88,
dot_tA_n25_v6_s71.png,A,25,6,21353.4,objects,4,27,0.98,
dot_tA_n25_v7_s71.png,A,25,7,16713.3,objects,0,20,1.12,
dot_tA_n25_v7_s71.png,A,25,7,16713.3,objects,1,24,0.96,
dot_tA_n25_v7_s71.png,A,25,7,16713.3,objects,2,22,1.14,
dot_tA_n25_v7_s71.png,A,25,7,16713.3,objects,3,22,0.96,
dot_tA_n25_v7_s71.png,A,25,7,16713.3,objects,4,21,1.11,
dot_tA_n25_v8_s71.png,A,25,8,17658.9,objects,0,24,1.05,
dot_tA_n25_v8_s71.png,A,25,8,17658.9,objects,1,24,1.15,
dot_tA_n25_v8_s71.png,A,25,8,17658.9,objects,2,31,1.37,
dot_tA_n25_v8_s71.png,A,25,8,17658.9,objects,3,25,1.11,
dot_tA_n25_v8_s71.png,A,25,8,17658.9,objects,4,22,0.76,
dot_tA_n25_v9_s71.png,A,25,9,24721.2,objects,0,24,1.01,
dot_tA_n25_v9_s71.png,A,25,9,24721.2,objects,1,24,1.07,
dot_tA_n25_v9_s71.png,A,25,9,24721.2,objects,2,21,1.1,
dot_tA_n25_v9_s71.png,A,25,9,24721.2,objects,3,26,1.11,
dot_tA_n25_v9_s71.png,A,25,9,24721.2,objects,4,24,0.91,
dot_tA_n30_v0_s71.png,A,30,0,22610.0,objects,0,33,1.08,
dot_tA_n30_v0_s71.png,A,30,0,22610.0,objects,1,32,0.94,
dot_tA_n30_v0_s71.png,A,30,0,22610.0,objects,2,31,1.15,
dot_tA_n30_v0_s71.png,A,30,0,22610.0,objects,3,30,1.23,
dot_tA_n30_v0_s71.png,A,30,0,22610.0,objects,4,27,0.95,
dot_tA_n30_v1_s71.png,A,30,1,22465.5,objects,0,31,0.95,
dot_tA_n30_v1_s71.png,A,30,1,22465.5,objects,1,32,1.05,
dot_tA_n30_v1_s71.png,A,30,1,22465.5,objects,2,34,1.18,
dot_tA_n30_v1_s71.png,A,30,1,22465.5,objects,3,31,1.35,
dot_tA_n30_v1_s71.png,A,30,1,22465.5,objects,4,34,0.91,
dot_tA_n30_v2_s71.png,A,30,2,21507.3,objects,0,26,1.01,
dot_tA_n30_v2_s71.png,A,30,2,21507.3,objects,1,31,1.15,
dot_tA_n30_v2_s71.png,A,30,2,21507.3,objects,2,34,1.12,
dot_tA_n30_v2_s71.png,A,30,2,21507.3,objects,3,31,1.17,
dot_tA_n30_v2_s71.png,A,30,2,21507.3,objects,4,29,1.02,
dot_tA_n30_v3_s71.png,A,30,3,25380.9,objects,0,31,0.91,
dot_tA_n30_v3_s71.png,A,30,3,25380.9,objects,1,29,1.05,
dot_tA_n30_v3_s71.png,A,30,3,25380.9,objects,2,34,1.38,
dot_tA_n30_v3_s71.png,A,30,3,25380.9,objects,3,32,1.38,
dot_tA_n30_v3_s71.png,A,30,3,25380.9,objects,4,30,0.91,
dot_tA_n30_v4_s71.png,A,30,4,20417.2,objects,0,31,1.01,
dot_tA_n30_v4_s71.png,A,30,4,20417.2,objects,1,29,1.07,
dot_tA_n30_v4_s71.png,A,30,4,20417.2,objects,2,25,1.06,
dot_tA_n30_v4_s71.png,A,30,4,20417.2,objects,3,23,1.11,
dot_tA_n30_v4_s71.png,A,30,4,20417.2,objects,4,29,0.83,
dot_tA_n30_v5_s71.png,A,30,5,24240.5,objects,0,30,1.08,
dot_tA_n30_v5_s71.png,A,30,5,24240.5,objects,1,29,1.12,
dot_tA_n30_v5_s71.png,A,30,5,24240.5,objects,2,31,1.27,
dot_tA_n30_v5_s71.png,A,30,5,24240.5,objects,3,31,1.06,
dot_tA_n30_v5_s71.png,A,30,5,24240.5,objects,4,30,0.9,
dot_tA_n30_v6_s71.png,A,30,6,18180.4,objects,0,28,2.13,
dot_tA_n30_v6_s71.png,A,30,6,18180.4,objects,1,30,1.05,
dot_tA_n30_v6_s71.png,A,30,6,18180.4,objects,2,30,1.03,
dot_tA_n30_v6_s71.png,A,30,6,18180.4,objects,3,33,1.06,
dot_tA_n30_v6_s71.png,A,30,6,18180.4,objects,4,33,0.87,
dot_tA_n30_v7_s71.png,A,30,7,19587.8,objects,0,35,1.04,
dot_tA_n30_v7_s71.png,A,30,7,19587.8,objects,1,33,0.8,
dot_tA_n30_v7_s71.png,A,30,7,19587.8,objects,2,28,0.85,
dot_tA_n30_v7_s71.png,A,30,7,19587.8,objects,3,32,0.86,
dot_tA_n30_v7_s71.png,A,30,7,19587.8,objects,4,30,0.88,
dot_tA_n30_v8_s71.png,A,30,8,22239.3,objects,0,30,0.95,
dot_tA_n30_v8_s71.png,A,30,8,22239.3,objects,1,31,2.05,
dot_tA_n30_v8_s71.png,A,30,8,22239.3,objects,2,31,1.0,
dot_tA_n30_v8_s71.png,A,30,8,22239.3,objects,3,29,0.83,
dot_tA_n30_v8_s71.png,A,30,8,22239.3,objects,4,33,0.93,
dot_tA_n30_v9_s71.png,A,30,9,21582.7,objects,0,27,1.31,
dot_tA_n30_v9_s71.png,A,30,9,21582.7,objects,1,25,1.16,
dot_tA_n30_v9_s71.png,A,30,9,21582.7,objects,2,25,1.16,
dot_tA_n30_v9_s71.png,A,30,9,21582.7,objects,3,30,1.06,
dot_tA_n30_v9_s71.png,A,30,9,21582.7,objects,4,26,0.72,
dot_tA_n40_v0_s71.png,A,40,0,27947.6,objects,0,41,0.91,
dot_tA_n40_v0_s71.png,A,40,0,27947.6,objects,1,36,1.35,
dot_tA_n40_v0_s71.png,A,40,0,27947.6,objects,2,37,0.75,
dot_tA_n40_v0_s71.png,A,40,0,27947.6,objects,3,39,0.81,
dot_tA_n40_v0_s71.png,A,40,0,27947.6,objects,4,36,1.37,
dot_tA_n40_v1_s71.png,A,40,1,23376.6,objects,0,33,1.18,
dot_tA_n40_v1_s71.png,A,40,1,23376.6,objects,1,36,1.01,
dot_tA_n40_v1_s71.png,A,40,1,23376.6,objects,2,39,1.03,
dot_tA_n40_v1_s71.png,A,40,1,23376.6,objects,3,37,0.9,
dot_tA_n40_v1_s71.png,A,40,1,23376.6,objects,4,36,0.78,
dot_tA_n40_v2_s71.png,A,40,2,23734.7,objects,0,32,1.25,
dot_tA_n40_v2_s71.png,A,40,2,23734.7,objects,1,38,1.16,
dot_tA_n40_v2_s71.png,A,40,2,23734.7,objects,2,34,0.96,
dot_tA_n40_v2_s71.png,A,40,2,23734.7,objects,3,35,0.95,
dot_tA_n40_v2_s71.png,A,40,2,23734.7,objects,4,31,1.24,
dot_tA_n40_v3_s71.png,A,40,3,22330.4,objects,0,36,0.96,
dot_tA_n40_v3_s71.png,A,40,3,22330.4,objects,1,39,1.12,
dot_tA_n40_v3_s71.png,A,40,3,22330.4,objects,2,31,1.32,
dot_tA_n40_v3_s71.png,A,40,3,22330.4,objects,3,35,0.93,
dot_tA_n40_v3_s71.png,A,40,3,22330.4,objects,4,38,0.82,
dot_tA_n40_v4_s71.png,A,40,4,17410.7,objects,0,36,1.06,
dot_tA_n40_v4_s71.png,A,40,4,17410.7,objects,1,33,1.2,
dot_tA_n40_v4_s71.png,A,40,4,17410.7,objects,2,35,1.05,
dot_tA_n40_v4_s71.png,A,40,4,17410.7,objects,3,36,1.09,
dot_tA_n40_v4_s71.png,A,40,4,17410.7,objects,4,33,1.12,
dot_tA_n40_v5_s71.png,A,40,5,23247.8,objects,0,36,1.02,
dot_tA_n40_v5_s71.png,A,40,5,23247.8,objects,1,33,1.0,
dot_tA_n40_v5_s71.png,A,40,5,23247.8,objects,2,39,1.07,
dot_tA_n40_v5_s71.png,A,40,5,23247.8,objects,3,35,0.73,
dot_tA_n40_v5_s71.png,A,40,5,23247.8,objects,4,38,0.85,
dot_tA_n40_v6_s71.png,A,40,6,22273.9,objects,0,33,1.14,
dot_tA_n40_v6_s71.png,A,40,6,22273.9,objects,1,38,1.39,
dot_tA_n40_v6_s71.png,A,40,6,22273.9,objects,2,36,1.0,
dot_tA_n40_v6_s71.png,A,40,6,22273.9,objects,3,36,0.9,
dot_tA_n40_v6_s71.png,A,40,6,22273.9,objects,4,35,0.91,
dot_tA_n40_v7_s71.png,A,40,7,20464.3,objects,0,35,1.01,
dot_tA_n40_v7_s71.png,A,40,7,20464.3,objects,1,35,1.04,
dot_tA_n40_v7_s71.png,A,40,7,20464.3,objects,2,34,0.98,
dot_tA_n40_v7_s71.png,A,40,7,20464.3,objects,3,31,0.97,
dot_tA_n40_v7_s71.png,A,40,7,20464.3,objects,4,30,1.04,
dot_tA_n40_v8_s71.png,A,40,8,23995.5,objects,0,31,1.41,
dot_tA_n40_v8_s71.png,A,40,8,23995.5,objects,1,35,1.04,
dot_tA_n40_v8_s71.png,A,40,8,23995.5,objects,2,34,1.42,
dot_tA_n40_v8_s71.png,A,40,8,23995.5,objects,3,33,1.01,
dot_tA_n40_v8_s71.png,A,40,8,23995.5,objects,4,42,1.07,
dot_tA_n40_v9_s71.png,A,40,9,22610.0,objects,0,30,0.89,
dot_tA_n40_v9_s71.png,A,40,9,22610.0,objects,1,41,1.12,
dot_tA_n40_v9_s71.png,A,40,9,22610.0,objects,2,35,0.93,
dot_tA_n40_v9_s71.png,A,40,9,22610.0,objects,3,34,1.37,
dot_tA_n40_v9_s71.png,A,40,9,22610.0,objects,4,37,0.86,
